,checkpoint,ds_path,ds_name,num_labels,num_clients,clients_per_round,alpha,batch_size,local_epochs,max_epochs,total_rounds,fda,theta,extras,server_opt_name,server_opt_lr,client_opt_name,client_opt_lr,round,accuracy,f1,testing_loss,training_loss,variance,avg_norm_sq_drifts,norm_sq_avg_drift,round_steps
0,roberta-base,glue,mrpc,2,10,10,1.0,8,1,18,100,True,0.0,,SGD,1.0,SGD,0.001,1,0.6838235294117647,0.8122270742358079,0.6270383859381956,0.4972625351846219,0.008673194795846939,0.013362052850425243,0.004688858520239592,50
1,roberta-base,glue,mrpc,2,10,10,1.0,8,1,18,100,True,0.0,,SGD,1.0,SGD,0.001,2,0.6838235294117647,0.8122270742358079,0.6016598641872406,0.37089282165205806,0.07998590916395187,0.10193584114313126,0.021949930116534233,800
2,roberta-base,glue,mrpc,2,10,10,1.0,8,1,18,100,True,0.0,,SGD,1.0,SGD,0.001,3,0.7205882352941176,0.8262195121951219,0.5151124456349541,0.3307675059377733,0.04604098200798035,0.06648100912570953,0.020440027117729187,450
3,roberta-base,glue,mrpc,2,10,10,1.0,8,1,18,100,True,0.0,,SGD,1.0,SGD,0.001,4,0.7867647058823529,0.8603531300160514,0.4379722793020454,0.2937932871671705,0.04598730057477951,0.06038309261202812,0.014395790174603462,300
4,roberta-base,glue,mrpc,2,10,10,1.0,8,1,18,100,True,0.0,,SGD,1.0,SGD,0.001,5,0.8480392156862745,0.8949152542372881,0.4358977852937053,0.2252778726713732,0.07329420745372772,0.09500759094953537,0.0217133816331625,350
5,roberta-base,glue,mrpc,2,10,10,1.0,8,1,18,100,True,0.0,,SGD,1.0,SGD,0.001,6,0.8602941176470589,0.8987566607460036,0.4000436642261989,0.1877652690980051,0.09692966938018799,0.1162583976984024,0.019328724592924118,350
