,checkpoint,ds_path,ds_name,num_labels,num_clients,clients_per_round,alpha,batch_size,local_epochs,max_epochs,total_rounds,fda,theta,extras,server_opt_name,server_opt_lr,client_opt_name,client_opt_lr,round,accuracy,f1,testing_loss,training_loss,variance,avg_norm_sq_drifts,norm_sq_avg_drift,round_steps
0,roberta-base,glue,mrpc,2,10,10,1.0,8,1,14,100,True,0.0,,Adam,0.0001,SGD,0.0001,1,0.6838235294117647,0.8122270742358079,0.6465488976123286,0.6857686650156974,0.0003670506412163377,0.0005970456986688077,0.00022999505745247006,50
1,roberta-base,glue,mrpc,2,10,10,1.0,8,1,14,100,True,0.0,,Adam,0.0001,SGD,0.0001,2,0.6838235294117647,0.8122270742358079,0.603397038637423,0.5278992020090422,0.002558159874752164,0.0029656419064849615,0.00040748208994045854,150
2,roberta-base,glue,mrpc,2,10,10,1.0,8,1,14,100,True,0.0,,Adam,0.0001,SGD,0.0001,3,0.6838235294117647,0.8122270742358079,0.5637486363742866,0.3914918237688644,0.006045282818377018,0.007263336330652237,0.001218053512275219,600
3,roberta-base,glue,mrpc,2,10,10,1.0,8,1,14,100,True,0.0,,Adam,0.0001,SGD,0.0001,4,0.7401960784313726,0.8374233128834356,0.5818492319507926,0.3516387154079147,0.00348097225651145,0.004243406932801008,0.0007624347344972193,450
4,roberta-base,glue,mrpc,2,10,10,1.0,8,1,14,100,True,0.0,,Adam,0.0001,SGD,0.0001,5,0.8088235294117647,0.8725490196078431,0.49873193682116623,0.2946731105502694,0.0029364065267145634,0.0036127071361988783,0.000676300551276654,500
5,roberta-base,glue,mrpc,2,10,10,1.0,8,1,14,100,True,0.0,,Adam,0.0001,SGD,0.0001,6,0.8112745098039216,0.8617594254937163,0.43186051537301023,0.2643723323928812,0.0020912103354930878,0.0024771143216639757,0.00038590392796322703,300
6,roberta-base,glue,mrpc,2,10,10,1.0,8,1,14,100,True,0.0,,Adam,0.0001,SGD,0.0001,7,0.8186274509803921,0.8706293706293706,0.4284759683205801,0.22945534532858686,0.0025941128842532635,0.003359225345775485,0.0007651125779375434,300
7,roberta-base,glue,mrpc,2,10,10,1.0,8,1,14,100,True,0.0,,Adam,0.0001,SGD,0.0001,8,0.8308823529411765,0.8828522920203735,0.5079791754958969,0.17381398775747842,0.0031469641253352165,0.003861190751194954,0.0007142266258597374,350
8,roberta-base,glue,mrpc,2,10,10,1.0,8,1,14,100,True,0.0,,Adam,0.0001,SGD,0.0001,9,0.8627450980392157,0.9017543859649123,0.49085193411355804,0.12412112574066851,0.003601123346015811,0.004235956817865372,0.0006348334718495607,400
