,checkpoint,ds_path,ds_name,num_labels,num_clients,clients_per_round,alpha,batch_size,local_epochs,max_epochs,total_rounds,fda,theta,extras,server_opt_name,server_opt_lr,client_opt_name,client_opt_lr,round,accuracy,f1,testing_loss,training_loss,variance,avg_norm_sq_drifts,norm_sq_avg_drift,round_steps
0,roberta-base,glue,mrpc,2,10,10,1.0,8,3,-1,100,False,0.0,,Adam,0.0001,SGD,0.0001,1,0.6838235294117647,0.8122270742358079,0.6334657119769677,0.5994967266321182,0.002159672323614359,0.00356159801594913,0.001401925808750093,150
1,roberta-base,glue,mrpc,2,10,10,1.0,8,3,-1,100,False,0.0,,Adam,0.0001,SGD,0.0001,2,0.6838235294117647,0.8122270742358079,0.7467492884572815,0.4880246034165223,0.0024168742820620537,0.002874024910852313,0.0004571507452055812,150
2,roberta-base,glue,mrpc,2,10,10,1.0,8,3,-1,100,False,0.0,,Adam,0.0001,SGD,0.0001,3,0.6838235294117647,0.8122270742358079,0.6493415026103749,0.44385737116634855,0.0017885345732793212,0.00213784072548151,0.00034930615220218897,150
3,roberta-base,glue,mrpc,2,10,10,1.0,8,3,-1,100,False,0.0,,Adam,0.0001,SGD,0.0001,4,0.6838235294117647,0.8122270742358079,0.7818795357849083,0.41972395817190405,0.0021525039337575436,0.0026769789401441813,0.0005244751228019595,150
4,roberta-base,glue,mrpc,2,10,10,1.0,8,3,-1,100,False,0.0,,Adam,0.0001,SGD,0.0001,5,0.7475490196078431,0.8297520661157025,0.5501174567376866,0.38163835047433775,0.0017162353033199906,0.0021914092358201742,0.00047517396160401404,150
5,roberta-base,glue,mrpc,2,10,10,1.0,8,3,-1,100,False,0.0,,Adam,0.0001,SGD,0.0001,6,0.6519607843137255,0.6899563318777293,0.6511625822852639,0.3391880395884315,0.001301444135606289,0.0014633523533120751,0.00016190827591344714,150
6,roberta-base,glue,mrpc,2,10,10,1.0,8,3,-1,100,False,0.0,,Adam,0.0001,SGD,0.0001,7,0.8063725490196079,0.8711256117455138,0.4187576443176059,0.30666680954769254,0.0011573492083698511,0.0015530127566307783,0.00039566357736475766,150
7,roberta-base,glue,mrpc,2,10,10,1.0,8,3,-1,100,False,0.0,,Adam,0.0001,SGD,0.0001,8,0.8137254901960784,0.8762214983713354,0.37474660367211876,0.27686577262853584,0.0012383849825710058,0.0014703102642670274,0.00023192529624793679,150
8,roberta-base,glue,mrpc,2,10,10,1.0,8,3,-1,100,False,0.0,,Adam,0.0001,SGD,0.0001,9,0.8651960784313726,0.9001814882032668,0.30528962834939066,0.2429585878762106,0.0011625245679169893,0.0013429442187771201,0.0001804196508601308,150
