,checkpoint,ds_path,ds_name,num_labels,num_clients,clients_per_round,alpha,batch_size,local_epochs,max_epochs,total_rounds,fda,threshold,theta,extras,server_opt_name,server_opt_lr,server_opt_momentum,client_opt_name,client_opt_lr,round,accuracy,f1,testing_loss,training_loss,variance,avg_norm_sq_drifts,norm_sq_avg_drift,round_steps
0,roberta-base,glue,mrpc,2,10,10,1.0,8,1,68,100,True,True,0.0,,SGD,1.0,0.9,SGD,0.001,1,0.6838235294117647,0.8122270742358079,0.6270383859381956,0.4972625351846219,0.008673194795846939,0.013362052850425243,0.004688858520239592,50
1,roberta-base,glue,mrpc,2,10,10,1.0,8,1,68,100,True,True,0.0,,SGD,1.0,0.9,SGD,0.001,2,0.6838235294117647,0.8122270742358079,0.8201700717795128,0.2962754520202437,0.3012068271636963,0.4054694175720215,0.104262575507164,1950
2,roberta-base,glue,mrpc,2,10,10,1.0,8,1,68,100,True,True,0.0,,SGD,1.0,0.9,SGD,0.001,3,0.7450980392156863,0.8409785932721713,1.7077897514453997,0.1407554930909537,0.26264888048171997,0.35413122177124023,0.09148233383893967,1050
3,roberta-base,glue,mrpc,2,10,10,1.0,8,1,68,100,True,True,0.0,,SGD,1.0,0.9,SGD,0.001,4,0.8259803921568627,0.88107202680067,1.7154453963180725,0.06675625491343816,0.4473017752170563,0.5282284617424011,0.08092668652534485,1700
4,roberta-base,glue,mrpc,2,10,10,1.0,8,1,68,100,True,True,0.0,,SGD,1.0,0.9,SGD,0.001,5,0.8651960784313726,0.8979591836734694,1.1886603213470688,0.11254428863547021,0.4469001293182373,0.5172116756439209,0.07031155377626419,1050
