,checkpoint,ds_path,ds_name,num_labels,num_clients,clients_per_round,alpha,batch_size,local_epochs,max_epochs,total_rounds,fda,theta,extras,server_opt_name,server_opt_lr,client_opt_name,client_opt_lr,round,accuracy,f1,testing_loss,training_loss,variance,avg_norm_sq_drifts,norm_sq_avg_drift,round_steps
0,roberta-base,glue,mrpc,2,10,10,1.0,8,1,48,100,True,0.0,,SGD,1.0,SGD,0.001,1,0.6838235294117647,0.8122270742358079,0.6270383859381956,0.4972625351846219,0.008673194795846939,0.013362052850425243,0.004688858520239592,50
1,roberta-base,glue,mrpc,2,10,10,1.0,8,1,48,100,True,0.0,,SGD,1.0,SGD,0.001,2,0.7156862745098039,0.8253012048192772,0.5525044839756161,0.32017321781264024,0.21047765016555786,0.2834155559539795,0.07293790578842163,1600
2,roberta-base,glue,mrpc,2,10,10,1.0,8,1,48,100,True,0.0,,SGD,1.0,SGD,0.001,3,0.8088235294117647,0.8717105263157895,0.5141272331387097,0.19180205975056944,0.166050985455513,0.23463153839111328,0.06858055293560028,750
3,roberta-base,glue,mrpc,2,10,10,1.0,8,1,48,100,True,0.0,,SGD,1.0,SGD,0.001,4,0.8504901960784313,0.8920353982300885,0.4989017259475647,0.11253528353037609,0.27288496494293213,0.3303031921386719,0.05741823464632034,950
4,roberta-base,glue,mrpc,2,10,10,1.0,8,1,48,100,True,0.0,,SGD,1.0,SGD,0.001,5,0.8382352941176471,0.8888888888888888,0.7111797314958975,0.06779102268165488,0.34057778120040894,0.3961508572101593,0.055573079735040665,1350
5,roberta-base,glue,mrpc,2,10,10,1.0,8,1,48,100,True,0.0,,SGD,1.0,SGD,0.001,6,0.8529411764705882,0.8972602739726028,0.728900637707043,0.045805840413757695,0.3041471838951111,0.3452131450176239,0.04106594994664192,1300
6,roberta-base,glue,mrpc,2,10,10,1.0,8,1,48,100,True,0.0,,SGD,1.0,SGD,0.001,7,0.8602941176470589,0.8972972972972973,0.5831880410414134,0.04179263069044465,0.28781285881996155,0.3222668468952179,0.034453991800546646,1200
