,checkpoint,ds_path,ds_name,num_labels,num_clients,clients_per_round,alpha,batch_size,local_epochs,max_epochs,total_rounds,fda,threshold,theta,extras,server_opt_name,server_opt_lr,client_opt_name,client_opt_lr,round,accuracy,f1,testing_loss,training_loss,variance,avg_norm_sq_drifts,norm_sq_avg_drift,round_steps
0,roberta-base,glue,mrpc,2,10,10,1.0,8,30,10,100,False,True,0.0,,SGD,1.0,SGD,0.001,1,0.696078431372549,0.8171091445427728,0.5594252862182318,0.34825478681881605,0.21815431118011475,0.2909204959869385,0.07276619225740433,1500
1,roberta-base,glue,mrpc,2,10,10,1.0,8,30,10,100,False,True,0.0,,SGD,1.0,SGD,0.001,2,0.8088235294117647,0.8729641693811075,0.5741757691618713,0.1436782962992283,0.34700635075569153,0.47949323058128357,0.13248687982559204,1500
2,roberta-base,glue,mrpc,2,10,10,1.0,8,30,10,100,False,True,0.0,,SGD,1.0,SGD,0.001,3,0.8480392156862745,0.8956228956228957,0.6452145092075179,0.07561833902615861,0.38547882437705994,0.45895931124687195,0.07348047941923141,1500
3,roberta-base,glue,mrpc,2,10,10,1.0,8,30,10,100,False,True,0.0,,SGD,1.0,SGD,0.001,4,0.8504901960784313,0.893542757417103,0.5752898443618095,0.08055815666432997,0.34373554587364197,0.39143499732017517,0.047699443995952606,1500
4,roberta-base,glue,mrpc,2,10,10,1.0,8,30,10,100,False,True,0.0,,SGD,1.0,SGD,0.001,5,0.8578431372549019,0.8996539792387543,0.7064936342826067,0.039447435340219335,0.31676727533340454,0.35734421014785767,0.04057692363858223,1500
