,checkpoint,ds_path,ds_name,num_labels,num_clients,clients_per_round,alpha,batch_size,local_epochs,max_epochs,total_rounds,fda,theta,extras,server_opt_name,server_opt_lr,server_opt_momentum,client_opt_name,client_opt_lr,round,accuracy,f1,testing_loss,training_loss,variance,avg_norm_sq_drifts,norm_sq_avg_drift,round_steps
0,roberta-base,glue,mrpc,2,10,10,1.0,8,1,48,100,True,0.0,,SGD,1.0,0.9,SGD,0.001,1,0.6838235294117647,0.8122270742358079,0.6270383859381956,0.4972625351846219,0.008673194795846939,0.013362052850425243,0.004688858520239592,50
1,roberta-base,glue,mrpc,2,10,10,1.0,8,1,48,100,True,0.0,,SGD,1.0,0.9,SGD,0.001,2,0.6838235294117647,0.8122270742358079,0.817110222344305,0.32017321781264024,0.21047765016555786,0.2834155559539795,0.07293790578842163,1600
2,roberta-base,glue,mrpc,2,10,10,1.0,8,1,48,100,True,0.0,,SGD,1.0,0.9,SGD,0.001,3,0.7818627450980392,0.8548123980424144,0.6977265144689191,0.2136313135072124,0.1609177440404892,0.22188463807106018,0.060966894030570984,700
3,roberta-base,glue,mrpc,2,10,10,1.0,8,1,48,100,True,0.0,,SGD,1.0,0.9,SGD,0.001,4,0.8431372549019608,0.8840579710144928,0.9582129072093855,0.10842271121316067,0.28259721398353577,0.3375794589519501,0.05498223751783371,950
4,roberta-base,glue,mrpc,2,10,10,1.0,8,1,48,100,True,0.0,,SGD,1.0,0.9,SGD,0.001,5,0.8578431372549019,0.8960573476702509,1.0236228302979617,0.12287652455287132,0.3665216565132141,0.4256110191345215,0.059089355170726776,950
