,checkpoint,ds_path,ds_name,num_labels,num_clients,clients_per_round,alpha,batch_size,local_epochs,max_epochs,total_rounds,fda,theta,extras,server_opt_name,server_opt_lr,client_opt_name,client_opt_lr,round,accuracy,f1,testing_loss,training_loss,variance,avg_norm_sq_drifts,norm_sq_avg_drift,round_steps
0,roberta-base,glue,mrpc,2,10,10,1.0,8,20,-1,100,False,0.0,,AdamW,0.0001,SGD,1e-05,1,0.6838235294117647,0.8122270742358079,0.6482352894895217,0.6362776204347611,0.0011694631539285183,0.0019118264317512512,0.0007423632778227329,1000
1,roberta-base,glue,mrpc,2,10,10,1.0,8,20,-1,100,False,0.0,,AdamW,0.0001,SGD,1e-05,2,0.6838235294117647,0.8122270742358079,0.6162909047276366,0.5462739731386305,0.0014451310271397233,0.0016827293438836932,0.00023759831674396992,1000
2,roberta-base,glue,mrpc,2,10,10,1.0,8,20,-1,100,False,0.0,,AdamW,0.0001,SGD,1e-05,3,0.6838235294117647,0.8122270742358079,0.5575844186778162,0.4587982282146812,0.0011611268855631351,0.0012452618684619665,8.413501200266182e-05,1000
3,roberta-base,glue,mrpc,2,10,10,1.0,8,20,-1,100,False,0.0,,AdamW,0.0001,SGD,1e-05,4,0.6838235294117647,0.8122270742358079,0.610347339262565,0.4275207151886075,0.000998598407022655,0.0011679016752168536,0.0001693033118499443,1000
4,roberta-base,glue,mrpc,2,10,10,1.0,8,20,-1,100,False,0.0,,AdamW,0.0001,SGD,1e-05,5,0.6568627450980392,0.6956521739130435,0.6163546203398237,0.37678366380799566,0.0009630503482185304,0.0012037669075652957,0.00024071654479485005,1000
5,roberta-base,glue,mrpc,2,10,10,1.0,8,20,-1,100,False,0.0,,AdamW,0.0001,SGD,1e-05,6,0.7524509803921569,0.8458015267175573,0.856457087375662,0.3230297536563128,0.0008264425559900701,0.0011640191078186035,0.0003375765518285334,1000
6,roberta-base,glue,mrpc,2,10,10,1.0,8,20,-1,100,False,0.0,,AdamW,0.0001,SGD,1e-05,7,0.803921568627451,0.8679867986798679,0.4906335977800921,0.26081988281533125,0.0005587121704593301,0.0007542063831351697,0.0001954941835720092,1000
7,roberta-base,glue,mrpc,2,10,10,1.0,8,20,-1,100,False,0.0,,AdamW,0.0001,SGD,1e-05,8,0.5955882352941176,0.5864661654135338,0.8767480037960351,0.20735909766172994,0.0004902675864286721,0.0005771368159912527,8.686924411449581e-05,1000
8,roberta-base,glue,mrpc,2,10,10,1.0,8,20,-1,100,False,0.0,,AdamW,0.0001,SGD,1e-05,9,0.8602941176470589,0.8998242530755711,0.44728643545771346,0.16405378044745883,0.0005457623046822846,0.0007490967982448637,0.00020333450811449438,1000
