,checkpoint,ds_path,ds_name,num_labels,num_clients,clients_per_round,alpha,batch_size,local_epochs,max_epochs,total_rounds,fda,theta,extras,server_opt_name,server_opt_lr,client_opt_name,client_opt_lr,round,accuracy,f1,testing_loss,training_loss,variance,avg_norm_sq_drifts,norm_sq_avg_drift,round_steps
0,roberta-base,glue,mrpc,2,10,10,1.0,8,1,28,100,True,0.0,,SGD,1.0,SGD,0.001,1,0.6838235294117647,0.8122270742358079,0.6270383859381956,0.4972625351846219,0.008673194795846939,0.013362052850425243,0.004688858520239592,50
1,roberta-base,glue,mrpc,2,10,10,1.0,8,1,28,100,True,0.0,,SGD,1.0,SGD,0.001,2,0.6838235294117647,0.8122270742358079,0.5848604300442863,0.35132193101361475,0.1219840869307518,0.16024631261825562,0.038262225687503815,1150
2,roberta-base,glue,mrpc,2,10,10,1.0,8,1,28,100,True,0.0,,SGD,1.0,SGD,0.001,3,0.7892156862745098,0.8594771241830066,0.451221538232822,0.2816201761837371,0.07757803052663803,0.11626177281141281,0.03868374228477478,550
3,roberta-base,glue,mrpc,2,10,10,1.0,8,1,28,100,True,0.0,,SGD,1.0,SGD,0.001,4,0.8308823529411765,0.8787346221441125,0.40385350124800906,0.20996050302042732,0.1044982522726059,0.13252906501293182,0.02803080901503563,450
4,roberta-base,glue,mrpc,2,10,10,1.0,8,1,28,100,True,0.0,,SGD,1.0,SGD,0.001,5,0.8602941176470589,0.8998242530755711,0.4430573313752664,0.1426661614632855,0.17719897627830505,0.2124737948179245,0.035274822264909744,600
